Workbook

Sheet Casos de Teste
A1: Planilha de Testes de Sistema – Caso de Uso "Efetuar Pedido"
A2: Colunas K a P são o oráculo (calculadas por fórmula a partir das entradas E–J, conforme RN01, RN02 e RN03). Preencher S (Resultado obtido) e T (Situação) ao executar os testes.
A3: Identificação | E3: Condições de entrada | K3: Resultado esperado (oráculo) | S3: Execução
A4: ID | B4: Cenário / Caminho (GFC) / Sequência (GE) | C4: Critério | D4: Pré-condições | E4: Qtde de itens no carrinho | F4: Subtotal dos livros (R$) | G4: Tempo de vínculo (anos) | H4: UF de entrega | I4: Forma de pagamento | J4: Autorização do pagamento | K4: Perfil (RN01) | L4: % desconto (RN01) | M4: Valor do pedido (R$) | N4: % frete (RN02) | O4: Frete (R$) | P4: Total a pagar (R$) | Q4: Status do pedido (RN04) | R4: Resultado esperado | S4: Resultado obtido | T4: Situação (Passou/Falhou)
A5: CT01 | B5: C1 – fluxo principal: 1-3-5-8-9-11-12-14-16-17 | C5: Cenário (GFC) / PCE classes válidas | D5: Cliente autenticado; ao menos 1 item no carrinho | E5: 2 | F5: 200 | G5: 2 | H5: SP | I5: Cartão de crédito | J5: Autorizado | K5: =IF(G5<1,"Sem perfil",IF(G5<3,"Bronze",IF(G5<=5,"Prata","Ouro"))) -> Bronze | L5: =IF(G5<1,0,IF(G5<3,Regras!$C$5,IF(G5<=5,Regras!$C$6,Regras!$C$7))) -> 0.03 | M5: =ROUND(F5*(1-L5),2) -> 194 | N5: =IF(OR(H5="SP",H5="RJ",H5="MG",H5="ES"),Regras!$C$9,Regras!$C$10) -> 0.05 | O5: =ROUND(M5*N5,2) -> 9.7 | P5: =M5+O5 -> 203.7 | Q5: Confirmado | R5: Pedido registrado; carrinho esvaziado; confirmação exibida
A6: CT02 | B6: C2 – FE(2) carrinho vazio: 1-2-17 | C6: Cenário (GFC) / PCE classe inválida / AVL (0 itens) | D6: Cliente autenticado; carrinho vazio | E6: 0 | F6: 0 | G6: 2 | H6: SP | I6: — | J6: — | K6: — | L6: — | M6: — | N6: — | O6: — | P6: — | Q6: Não criado | R6: Mensagem: não é possível prosseguir com o pedido sem itens no carrinho
A7: CT03 | B7: C3 – sem perfil (< 1 ano): 1-3-4-8-9-11-12-14-16-17 | C7: Cenário (GFC) / PCE | D7: Cliente autenticado; ao menos 1 item no carrinho | E7: 1 | F7: 150 | G7: 0.5 | H7: RJ | I7: Cartão de crédito | J7: Autorizado | K7: =IF(G7<1,"Sem perfil",IF(G7<3,"Bronze",IF(G7<=5,"Prata","Ouro"))) -> Sem perfil | L7: =IF(G7<1,0,IF(G7<3,Regras!$C$5,IF(G7<=5,Regras!$C$6,Regras!$C$7))) -> 0 | M7: =ROUND(F7*(1-L7),2) -> 150 | N7: =IF(OR(H7="SP",H7="RJ",H7="MG",H7="ES"),Regras!$C$9,Regras!$C$10) -> 0.05 | O7: =ROUND(M7*N7,2) -> 7.5 | P7: =M7+O7 -> 157.5 | Q7: Confirmado | R7: Sem desconto aplicado; pedido confirmado
A8: CT04 | B8: C4 – perfil prata: 1-3-6-8-9-11-12-14-16-17 | C8: Cenário (GFC) / PCE | D8: Cliente autenticado; ao menos 1 item no carrinho | E8: 3 | F8: 300 | G8: 4 | H8: MG | I8: Cartão de crédito | J8: Autorizado | K8: =IF(G8<1,"Sem perfil",IF(G8<3,"Bronze",IF(G8<=5,"Prata","Ouro"))) -> Prata | L8: =IF(G8<1,0,IF(G8<3,Regras!$C$5,IF(G8<=5,Regras!$C$6,Regras!$C$7))) -> 0.05 | M8: =ROUND(F8*(1-L8),2) -> 285 | N8: =IF(OR(H8="SP",H8="RJ",H8="MG",H8="ES"),Regras!$C$9,Regras!$C$10) -> 0.05 | O8: =ROUND(M8*N8,2) -> 14.25 | P8: =M8+O8 -> 299.25 | Q8: Confirmado | R8: Desconto de 5% aplicado; pedido confirmado
A9: CT05 | B9: C5 – perfil ouro: 1-3-7-8-9-11-12-14-16-17 | C9: Cenário (GFC) / PCE | D9: Cliente autenticado; ao menos 1 item no carrinho | E9: 1 | F9: 100 | G9: 8 | H9: ES | I9: Cartão de crédito | J9: Autorizado | K9: =IF(G9<1,"Sem perfil",IF(G9<3,"Bronze",IF(G9<=5,"Prata","Ouro"))) -> Ouro | L9: =IF(G9<1,0,IF(G9<3,Regras!$C$5,IF(G9<=5,Regras!$C$6,Regras!$C$7))) -> 0.1 | M9: =ROUND(F9*(1-L9),2) -> 90 | N9: =IF(OR(H9="SP",H9="RJ",H9="MG",H9="ES"),Regras!$C$9,Regras!$C$10) -> 0.05 | O9: =ROUND(M9*N9,2) -> 4.5 | P9: =M9+O9 -> 94.5 | Q9: Confirmado | R9: Desconto de 10% aplicado; pedido confirmado
A10: CT06 | B10: C6 – outra região: 1-3-5-8-10-11-12-14-16-17 | C10: Cenário (GFC) / PCE (RN02) | D10: Cliente autenticado; ao menos 1 item no carrinho | E10: 2 | F10: 200 | G10: 2 | H10: BA | I10: Cartão de crédito | J10: Autorizado | K10: =IF(G10<1,"Sem perfil",IF(G10<3,"Bronze",IF(G10<=5,"Prata","Ouro"))) -> Bronze | L10: =IF(G10<1,0,IF(G10<3,Regras!$C$5,IF(G10<=5,Regras!$C$6,Regras!$C$7))) -> 0.03 | M10: =ROUND(F10*(1-L10),2) -> 194 | N10: =IF(OR(H10="SP",H10="RJ",H10="MG",H10="ES"),Regras!$C$9,Regras!$C$10) -> 0.1 | O10: =ROUND(M10*N10,2) -> 19.4 | P10: =M10+O10 -> 213.4 | Q10: Confirmado | R10: Frete de 10% aplicado; pedido confirmado
A11: CT07 | B11: C7 – pagamento Pix: 1-3-5-8-9-11-13-14-16-17 | C11: Cenário (GFC) / PCE (RN03) | D11: Cliente autenticado; ao menos 1 item no carrinho | E11: 2 | F11: 200 | G11: 2 | H11: SP | I11: Pix | J11: Autorizado | K11: =IF(G11<1,"Sem perfil",IF(G11<3,"Bronze",IF(G11<=5,"Prata","Ouro"))) -> Bronze | L11: =IF(G11<1,0,IF(G11<3,Regras!$C$5,IF(G11<=5,Regras!$C$6,Regras!$C$7))) -> 0.03 | M11: =ROUND(F11*(1-L11),2) -> 194 | N11: =IF(OR(H11="SP",H11="RJ",H11="MG",H11="ES"),Regras!$C$9,Regras!$C$10) -> 0.05 | O11: =ROUND(M11*N11,2) -> 9.7 | P11: =M11+O11 -> 203.7 | Q11: Confirmado | R11: Pagamento Pix confirmado pelo Sistema de Banco; pedido confirmado
A12: CT08 | B12: C8 – FE(9) cartão não autorizado: 1-3-5-8-9-11-12-14-15-17 | C12: Cenário (GFC) / PCE | D12: Cliente autenticado; ao menos 1 item no carrinho | E12: 2 | F12: 200 | G12: 2 | H12: SP | I12: Cartão de crédito | J12: Não autorizado | K12: =IF(G12<1,"Sem perfil",IF(G12<3,"Bronze",IF(G12<=5,"Prata","Ouro"))) -> Bronze | L12: =IF(G12<1,0,IF(G12<3,Regras!$C$5,IF(G12<=5,Regras!$C$6,Regras!$C$7))) -> 0.03 | M12: =ROUND(F12*(1-L12),2) -> 194 | N12: =IF(OR(H12="SP",H12="RJ",H12="MG",H12="ES"),Regras!$C$9,Regras!$C$10) -> 0.05 | O12: =ROUND(M12*N12,2) -> 9.7 | P12: =M12+O12 -> 203.7 | Q12: Em processamento | R12: Mensagem: pagamento não autorizado; pedido pode ser cancelado após 2 dias
A13: CT09 | B13: FE(9) Pix não autorizado: 1-3-5-8-9-11-13-14-15-17 | C13: Cenário (GFC) / PCE | D13: Cliente autenticado; ao menos 1 item no carrinho | E13: 2 | F13: 200 | G13: 2 | H13: SP | I13: Pix | J13: Não autorizado | K13: =IF(G13<1,"Sem perfil",IF(G13<3,"Bronze",IF(G13<=5,"Prata","Ouro"))) -> Bronze | L13: =IF(G13<1,0,IF(G13<3,Regras!$C$5,IF(G13<=5,Regras!$C$6,Regras!$C$7))) -> 0.03 | M13: =ROUND(F13*(1-L13),2) -> 194 | N13: =IF(OR(H13="SP",H13="RJ",H13="MG",H13="ES"),Regras!$C$9,Regras!$C$10) -> 0.05 | O13: =ROUND(M13*N13,2) -> 9.7 | P13: =M13+O13 -> 203.7 | Q13: Em processamento | R13: Mensagem: pagamento não autorizado; pedido pode ser cancelado após 2 dias
A14: CT10 | B14: RN01 – limite inferior de 'sem perfil' | C14: AVL | D14: Cliente autenticado; ao menos 1 item no carrinho | E14: 1 | F14: 100 | G14: 0 | H14: SP | I14: Cartão de crédito | J14: Autorizado | K14: =IF(G14<1,"Sem perfil",IF(G14<3,"Bronze",IF(G14<=5,"Prata","Ouro"))) -> Sem perfil | L14: =IF(G14<1,0,IF(G14<3,Regras!$C$5,IF(G14<=5,Regras!$C$6,Regras!$C$7))) -> 0 | M14: =ROUND(F14*(1-L14),2) -> 100 | N14: =IF(OR(H14="SP",H14="RJ",H14="MG",H14="ES"),Regras!$C$9,Regras!$C$10) -> 0.05 | O14: =ROUND(M14*N14,2) -> 5 | P14: =M14+O14 -> 105 | Q14: Confirmado | R14: Cliente recém-cadastrado: sem desconto
A15: CT11 | B15: RN01 – limite superior de 'sem perfil' | C15: AVL | D15: Cliente autenticado; ao menos 1 item no carrinho | E15: 1 | F15: 100 | G15: 0.99 | H15: SP | I15: Cartão de crédito | J15: Autorizado | K15: =IF(G15<1,"Sem perfil",IF(G15<3,"Bronze",IF(G15<=5,"Prata","Ouro"))) -> Sem perfil | L15: =IF(G15<1,0,IF(G15<3,Regras!$C$5,IF(G15<=5,Regras!$C$6,Regras!$C$7))) -> 0 | M15: =ROUND(F15*(1-L15),2) -> 100 | N15: =IF(OR(H15="SP",H15="RJ",H15="MG",H15="ES"),Regras!$C$9,Regras!$C$10) -> 0.05 | O15: =ROUND(M15*N15,2) -> 5 | P15: =M15+O15 -> 105 | Q15: Confirmado | R15: Sem desconto
A16: CT12 | B16: RN01 – limite inferior bronze | C16: AVL | D16: Cliente autenticado; ao menos 1 item no carrinho | E16: 1 | F16: 100 | G16: 1 | H16: SP | I16: Cartão de crédito | J16: Autorizado | K16: =IF(G16<1,"Sem perfil",IF(G16<3,"Bronze",IF(G16<=5,"Prata","Ouro"))) -> Bronze | L16: =IF(G16<1,0,IF(G16<3,Regras!$C$5,IF(G16<=5,Regras!$C$6,Regras!$C$7))) -> 0.03 | M16: =ROUND(F16*(1-L16),2) -> 97 | N16: =IF(OR(H16="SP",H16="RJ",H16="MG",H16="ES"),Regras!$C$9,Regras!$C$10) -> 0.05 | O16: =ROUND(M16*N16,2) -> 4.85 | P16: =M16+O16 -> 101.85 | Q16: Confirmado | R16: Perfil bronze: desconto 3%
A17: CT13 | B17: RN01 – limite superior bronze | C17: AVL | D17: Cliente autenticado; ao menos 1 item no carrinho | E17: 1 | F17: 100 | G17: 2.99 | H17: SP | I17: Cartão de crédito | J17: Autorizado | K17: =IF(G17<1,"Sem perfil",IF(G17<3,"Bronze",IF(G17<=5,"Prata","Ouro"))) -> Bronze | L17: =IF(G17<1,0,IF(G17<3,Regras!$C$5,IF(G17<=5,Regras!$C$6,Regras!$C$7))) -> 0.03 | M17: =ROUND(F17*(1-L17),2) -> 97 | N17: =IF(OR(H17="SP",H17="RJ",H17="MG",H17="ES"),Regras!$C$9,Regras!$C$10) -> 0.05 | O17: =ROUND(M17*N17,2) -> 4.85 | P17: =M17+O17 -> 101.85 | Q17: Confirmado | R17: Perfil bronze: desconto 3%
A18: CT14 | B18: RN01 – limite inferior prata | C18: AVL | D18: Cliente autenticado; ao menos 1 item no carrinho | E18: 1 | F18: 100 | G18: 3 | H18: SP | I18: Cartão de crédito | J18: Autorizado | K18: =IF(G18<1,"Sem perfil",IF(G18<3,"Bronze",IF(G18<=5,"Prata","Ouro"))) -> Prata | L18: =IF(G18<1,0,IF(G18<3,Regras!$C$5,IF(G18<=5,Regras!$C$6,Regras!$C$7))) -> 0.05 | M18: =ROUND(F18*(1-L18),2) -> 95 | N18: =IF(OR(H18="SP",H18="RJ",H18="MG",H18="ES"),Regras!$C$9,Regras!$C$10) -> 0.05 | O18: =ROUND(M18*N18,2) -> 4.75 | P18: =M18+O18 -> 99.75 | Q18: Confirmado | R18: Perfil prata: desconto 5%
... A20: CT16 | B20: RN01 – limite inferior ouro | C20: AVL | D20: Cliente autenticado; ao menos 1 item no carrinho | E20: 1 | F20: 100 | G20: 5.01 | H20: SP | I20: Cartão de crédito | J20: Autorizado | K20: =IF(G20<1,"Sem perfil",IF(G20<3,"Bronze",IF(G20<=5,"Prata","Ouro"))) -> Ouro | L20: =IF(G20<1,0,IF(G20<3,Regras!$C$5,IF(G20<=5,Regras!$C$6,Regras!$C$7))) -> 0.1 | M20: =ROUND(F20*(1-L20),2) -> 90 | N20: =IF(OR(H20="SP",H20="RJ",H20="MG",H20="ES"),Regras!$C$9,Regras!$C$10) -> 0.05 | O20: =ROUND(M20*N20,2) -> 4.5 | P20: =M20+O20 -> 94.5 | Q20: Confirmado | R20: Perfil ouro: desconto 10%
A21: CT17 | B21: RN01 – tempo de vínculo inválido | C21: PCE classe inválida / AVL | D21: Cliente autenticado; ao menos 1 item no carrinho | E21: 1 | F21: 100 | G21: -0.01 | H21: SP | I21: — | J21: — | K21: — | L21: — | M21: — | N21: — | O21: — | P21: — | Q21: Não criado | R21: Sistema não identifica perfil e informa inconsistência no cadastro do cliente
A22: CT18 | B22: RN02 – UF fora do Sudeste vizinha (PR) | C22: PCE classe válida | D22: Cliente autenticado; ao menos 1 item no carrinho | E22: 1 | F22: 100 | G22: 2 | H22: PR | I22: Pix | J22: Autorizado | K22: =IF(G22<1,"Sem perfil",IF(G22<3,"Bronze",IF(G22<=5,"Prata","Ouro"))) -> Bronze | L22: =IF(G22<1,0,IF(G22<3,Regras!$C$5,IF(G22<=5,Regras!$C$6,Regras!$C$7))) -> 0.03 | M22: =ROUND(F22*(1-L22),2) -> 97 | N22: =IF(OR(H22="SP",H22="RJ",H22="MG",H22="ES"),Regras!$C$9,Regras!$C$10) -> 0.1 | O22: =ROUND(M22*N22,2) -> 9.7 | P22: =M22+O22 -> 106.7 | Q22: Confirmado | R22: Frete de 10% aplicado
A23: CT19 | B23: RN02 – endereço inválido (UF inexistente) | C23: PCE classe inválida | D23: Cliente autenticado; ao menos 1 item no carrinho | E23: 1 | F23: 100 | G23: 2 | H23: XX | I23: — | J23: — | K23: — | L23: — | M23: — | N23: — | O23: — | P23: — | Q23: Não criado | R23: Sistema rejeita o endereço e solicita correção; frete não calculado
A24: CT20 | B24: RN03 – forma de pagamento não aceita (boleto) | C24: PCE classe inválida | D24: Cliente autenticado; ao menos 1 item no carrinho | E24: 1 | F24: 100 | G24: 2 | H24: SP | I24: Boleto | J24: — | K24: — | L24: — | M24: — | N24: — | O24: — | P24: — | Q24: Não criado | R24: Sistema não aceita a forma de pagamento; apenas cartão de crédito ou Pix
A25: CT21 | B25: Carrinho – limite inferior válido (1 item) | C25: AVL | D25: Cliente autenticado; ao menos 1 item no carrinho | E25: 1 | F25: 39.9 | G25: 2 | H25: SP | I25: Pix | J25: Autorizado | K25: =IF(G25<1,"Sem perfil",IF(G25<3,"Bronze",IF(G25<=5,"Prata","Ouro"))) -> Bronze | L25: =IF(G25<1,0,IF(G25<3,Regras!$C$5,IF(G25<=5,Regras!$C$6,Regras!$C$7))) -> 0.03 | M25: =ROUND(F25*(1-L25),2) -> 38.7 | N25: =IF(OR(H25="SP",H25="RJ",H25="MG",H25="ES"),Regras!$C$9,Regras!$C$10) -> 0.05 | O25: =ROUND(M25*N25,2) -> 1.94 | P25: =M25+O25 -> 40.64 | Q25: Confirmado | R25: Pedido com um único livro é aceito
A26: CT22 | B26: GE – SQ1: S0-t1-S1-t2-S2-t3-S3-t5-S5-t7-S6-t9-S7 | C26: Estados e transições (GE) | D26: Cliente autenticado; ao menos 1 item no carrinho | E26: 2 | F26: 200 | G26: 2 | H26: SP | I26: Cartão de crédito | J26: Autorizado | K26: =IF(G26<1,"Sem perfil",IF(G26<3,"Bronze",IF(G26<=5,"Prata","Ouro"))) -> Bronze | L26: =IF(G26<1,0,IF(G26<3,Regras!$C$5,IF(G26<=5,Regras!$C$6,Regras!$C$7))) -> 0.03 | M26: =ROUND(F26*(1-L26),2) -> 194 | N26: =IF(OR(H26="SP",H26="RJ",H26="MG",H26="ES"),Regras!$C$9,Regras!$C$10) -> 0.05 | O26: =ROUND(M26*N26,2) -> 9.7 | P26: =M26+O26 -> 203.7 | Q26: Criado → Em processamento → Confirmado → Entregue → Finalizado | R26: Pedido percorre o ciclo completo até Finalizado
A27: CT23 | B27: GE – SQ2: S0-t1-S1-t2-S2-t4-S2-t6-S4-t8-S6-t9-S7 | C27: Estados e transições (GE) | D27: Cliente autenticado; ao menos 1 item no carrinho | E27: 2 | F27: 200 | G27: 2 | H27: SP | I27: Cartão de crédito | J27: Não autorizado | K27: =IF(G27<1,"Sem perfil",IF(G27<3,"Bronze",IF(G27<=5,"Prata","Ouro"))) -> Bronze | L27: =IF(G27<1,0,IF(G27<3,Regras!$C$5,IF(G27<=5,Regras!$C$6,Regras!$C$7))) -> 0.03 | M27: =ROUND(F27*(1-L27),2) -> 194 | N27: =IF(OR(H27="SP",H27="RJ",H27="MG",H27="ES"),Regras!$C$9,Regras!$C$10) -> 0.05 | O27: =ROUND(M27*N27,2) -> 9.7 | P27: =M27+O27 -> 203.7 | Q27: Criado → Em processamento → Em processamento → Cancelado → Finalizado | R27: Após nova tentativa negada e 2 dias sem autorização, pedido é cancelado e finalizado
A28: CT24 | B28: GE – SQ3: S0-t1-S1-t2-S2-t4-S2-t3-S3-t5-S5-t7-S6-t9-S7 | C28: Estados e transições (GE) | D28: Cliente autenticado; ao menos 1 item no carrinho | E28: 2 | F28: 200 | G28: 2 | H28: SP | I28: Pix | J28: Não autorizado → Autorizado | K28: =IF(G28<1,"Sem perfil",IF(G28<3,"Bronze",IF(G28<=5,"Prata","Ouro"))) -> Bronze | L28: =IF(G28<1,0,IF(G28<3,Regras!$C$5,IF(G28<=5,Regras!$C$6,Regras!$C$7))) -> 0.03 | M28: =ROUND(F28*(1-L28),2) -> 194 | N28: =IF(OR(H28="SP",H28="RJ",H28="MG",H28="ES"),Regras!$C$9,Regras!$C$10) -> 0.05 | O28: =ROUND(M28*N28,2) -> 9.7 | P28: =M28+O28 -> 203.7 | Q28: Criado → Em processamento → Em processamento → Confirmado → Entregue → Finalizado | R28: Nova tentativa autorizada dentro de 2 dias; pedido confirmado e entregue
A29: CT25 | B29: GE – transição inválida: Cancelado → Confirmado | C29: Estados e transições (transição ilegal) | D29: Pedido com status Cancelado | E29: — | F29: — | G29: — | H29: — | I29: — | J29: Autorizado | K29: — | L29: — | M29: — | N29: — | O29: — | P29: — | Q29: Cancelado (inalterado) | R29: Sistema rejeita a transição; status permanece Cancelado
A30: CT26 | B30: GE – transição inválida: Criado → Entregue | C30: Estados e transições (transição ilegal) | D30: Pedido com status Criado | E30: — | F30: — | G30: — | H30: — | I30: — | J30: — | K30: — | L30: — | M30: — | N30: — | O30: — | P30: — | Q30: Criado (inalterado) | R30: Sistema rejeita a transição; pedido só pode ser entregue após Confirmado
A31: CT27 | B31: GE – transição inválida: Entregue → Cancelado | C31: Estados e transições (transição ilegal) | D31: Pedido com status Entregue | E31: — | F31: — | G31: — | H31: — | I31: — | J31: — | K31: — | L31: — | M31: — | N31: — | O31: — | P31: — | Q31: Entregue (inalterado) | R31: Sistema rejeita o cancelamento de pedido já entregue

Sheet Regras
A1: Regras de negócio (redigidas com clareza) e premissas
A3: Regra | B3: Condição | C3: Valor
A4: RN01 | B4: Desconto por perfil – fórmula usa estes valores
A5: RN01 | B5: Bronze: 1 ≤ tempo de vínculo < 3 anos | C5: 0.03
A6: RN01 | B6: Prata: 3 ≤ tempo de vínculo ≤ 5 anos | C6: 0.05
A7: RN01 | B7: Ouro: tempo de vínculo > 5 anos | C7: 0.1
A8: RN02 | B8: Frete – percentual sobre o valor do pedido (já com desconto)
A9: RN02 | B9: Região Sudeste (SP, RJ, MG, ES) | C9: 0.05
A10: RN02 | B10: Demais regiões | C10: 0.1
A13: Premissas adotadas (o caso de uso não define):
A14: • RN01: cliente com menos de 1 ano de vínculo não tem perfil e não recebe desconto. O limite de 3 anos pertence ao perfil prata (faixas 1–3 e 3–5 se sobrepõem no texto original).
A15: • RN01: desconto aplicado sobre o subtotal dos livros → valor do pedido = subtotal × (1 − desconto).
A16: • RN02: frete calculado sobre o valor do pedido já com desconto. Total a pagar = valor do pedido + frete.
A17: • RN03: aceitas somente cartão de crédito (autorizado pelo Sistema de Cartão) e Pix (confirmado pelo Sistema de Banco).
A18: • RN04: pagamento autorizado → Confirmado; não autorizado → permanece Em processamento e é Cancelado após 2 dias sem autorização; Entregue e Cancelado levam a Finalizado.
A19: • Valores percentuais em amarelo podem ser alterados; a aba Casos de Teste recalcula o oráculo automaticamente.

Sheet Classes e Limites
A1: Partição em classes de equivalência e análise de valor limite
A3: Condição de entrada | B3: Classes válidas | C3: Classes inválidas | D3: Valores limite | E3: Casos de teste
A4: Itens no carrinho (pré-condição / FE 2) | B4: CV1: ≥ 1 item | C4: CI1: 0 itens (carrinho vazio) | D4: 0 (inválido), 1 (válido) | E4: CT02, CT21
A5: Tempo de vínculo – RN01 (anos) | B5: CV2: 0 ≤ t < 1 (sem desconto) CV3: 1 ≤ t < 3 (bronze, 3%) CV4: 3 ≤ t ≤ 5 (prata, 5%) CV5: t > 5 (ouro, 10%) | C5: CI2: t < 0 (cadastro inconsistente) | D5: -0,01; 0; 0,99; 1,00; 2,99; 3,00; 5,00; 5,01 | E5: CT03–CT05, CT10–CT17
A6: UF de entrega – RN02 | B6: CV6: Sudeste (SP, RJ, MG, ES) → 5% CV7: demais UFs → 10% | C6: CI3: UF/CEP inexistente | D6: — | E6: CT01, CT06, CT18, CT19
A7: Forma de pagamento – RN03 | B7: CV8: cartão de crédito CV9: Pix | C7: CI4: outra forma (ex.: boleto) | D7: — | E7: CT01, CT07, CT20
A8: Autorização do pagamento – RN04 | B8: CV10: autorizado → Confirmado | C8: CV11: não autorizado → Em processamento / Cancelado após 2 dias | D8: prazo: 2 dias | E8: CT08, CT09, CT23, CT24
A9: Transições de estado – RN04 | B9: Transições t1–t9 do GE | C9: Transições não previstas (ex.: Cancelado→Confirmado, Criado→Entregue, Entregue→Cancelado) | D9: — | E9: CT22–CT27
